Prefecture,Store Name,Stock Status,Details URL
宮城県,カフェ・ベローチェ 仙台泉中央店,◯,https://c-united.co.jp/store/detail/000217/
宮城県,カフェ・ベローチェ 仙台広瀬通駅前店,◯,https://c-united.co.jp/store/detail/000279/
宮城県,カフェ・ベローチェ 仙台一番町店,◯,https://c-united.co.jp/store/detail/000322/
宮城県,カフェ・ベローチェ 仙台定禅寺通店,◯,https://c-united.co.jp/store/detail/000323/
宮城県,カフェ・ベローチェ 仙台一番町一丁目店,◯,https://c-united.co.jp/store/detail/000387/
宮城県,カフェ・ベローチェ 仙台駅東口駅前店,◯,https://c-united.co.jp/store/detail/000396/
埼玉県,カフェ・ベローチェ 上尾店,◯,https://c-united.co.jp/store/detail/000207/
埼玉県,カフェ・ベローチェ 浦和市民文化センター店,◯,https://c-united.co.jp/store/detail/000308/
埼玉県,カフェ・ベローチェ 浦和さくら草通り店,◯,https://c-united.co.jp/store/detail/000314/
埼玉県,カフェ・ベローチェ 大宮店,◯,https://c-united.co.jp/store/detail/000371/
埼玉県,カフェ・ベローチェ 川口店,◯,https://c-united.co.jp/store/detail/000409/
埼玉県,カフェ・ベローチェ 大宮大門町店,◯,https://c-united.co.jp/store/detail/000422/
埼玉県,カフェ・ベローチェ 南越谷店,◯,https://c-united.co.jp/store/detail/000429/
埼玉県,カフェ・ベローチェ 川口栄町三丁目店,◯,https://c-united.co.jp/store/detail/000434/
千葉県,カフェ・ベローチェ 幕張店,◯,https://c-united.co.jp/store/detail/000216/
千葉県,カフェ・ベローチェ 市川店,◯,https://c-united.co.jp/store/detail/000250/
千葉県,カフェ・ベローチェ 松戸店,◯,https://c-united.co.jp/store/detail/000255/
千葉県,カフェ・ベローチェ 新津田沼店,◯,https://c-united.co.jp/store/detail/000324/
千葉県,カフェ・ベローチェ 船橋本町三丁目店,◯,https://c-united.co.jp/store/detail/000333/
千葉県,カフェ・ベローチェ 千葉店,◯,https://c-united.co.jp/store/detail/000354/
千葉県,カフェ・ベローチェ 八柱駅第2ﾋﾞﾙ店,◯,https://c-united.co.jp/store/detail/000357/
千葉県,カフェ・ベローチェ 京成船橋駅前店,◯,https://c-united.co.jp/store/detail/000389/
千葉県,カフェ・ベローチェ 柏駅東口店,◯,https://c-united.co.jp/store/detail/000427/
東京都,カフェ・ベローチェ 日本橋店,◯,https://c-united.co.jp/store/detail/000203/
東京都,カフェ・ベローチェ 阿佐谷店,◯,https://c-united.co.jp/store/detail/000204/
東京都,カフェ・ベローチェ 大森店,◯,https://c-united.co.jp/store/detail/000208/
東京都,カフェ・ベローチェ 立川フロム中武店,◯,https://c-united.co.jp/store/detail/000209/
東京都,カフェ・ベローチェ 新中野店,◯,https://c-united.co.jp/store/detail/000212/
東京都,カフェ・ベローチェ 東池袋店,◯,https://c-united.co.jp/store/detail/000214/
東京都,カフェ・ベローチェ ひばりが丘店,◯,https://c-united.co.jp/store/detail/000218/
東京都,カフェ・ベローチェ 西五反田店,◯,https://c-united.co.jp/store/detail/000219/
東京都,カフェ・ベローチェ 吉祥寺店,◯,https://c-united.co.jp/store/detail/000220/
東京都,カフェ・ベローチェ 浅草橋店,◯,https://c-united.co.jp/store/detail/000221/
東京都,カフェ・ベローチェ 末広町店,◯,https://c-united.co.jp/store/detail/000222/
東京都,カフェ・ベローチェ 中野店,◯,https://c-united.co.jp/store/detail/000223/
東京都,カフェ・ベローチェ 西新宿店,◯,https://c-united.co.jp/store/detail/000226/
東京都,カフェ・ベローチェ 外苑前店,◯,https://c-united.co.jp/store/detail/000227/
東京都,カフェ・ベローチェ 新宿サブナード店,◯,https://c-united.co.jp/store/detail/000229/
東京都,カフェ・ベローチェ 南新宿店,◯,https://c-united.co.jp/store/detail/000236/
東京都,カフェ・ベローチェ 亀戸駅東口店,◯,https://c-united.co.jp/store/detail/000238/
東京都,カフェ・ベローチェ 東陽町店,◯,https://c-united.co.jp/store/detail/000239/
東京都,カフェ・ベローチェ 千歳烏山店,◯,https://c-united.co.jp/store/detail/000240/
東京都,カフェ・ベローチェ 田町店,◯,https://c-united.co.jp/store/detail/000241/
東京都,カフェ・ベローチェ 仲御徒町店,◯,https://c-united.co.jp/store/detail/000242/
東京都,カフェ・ベローチェ 中野駅南口店,◯,https://c-united.co.jp/store/detail/000243/
東京都,カフェ・ベローチェ 人形町店,◯,https://c-united.co.jp/store/detail/000244/
東京都,カフェ・ベローチェ 三崎町店,◯,https://c-united.co.jp/store/detail/000245/
東京都,カフェ・ベローチェ 小伝馬町店,◯,https://c-united.co.jp/store/detail/000246/
東京都,カフェ・ベローチェ 水道橋店,◯,https://c-united.co.jp/store/detail/000247/
東京都,カフェ・ベローチェ 銀座一丁目店,◯,https://c-united.co.jp/store/detail/000248/
東京都,カフェ・ベローチェ 新川店,◯,https://c-united.co.jp/store/detail/000251/
東京都,カフェ・ベローチェ 神楽坂店,◯,https://c-united.co.jp/store/detail/000252/
東京都,カフェ・ベローチェ 築地店,◯,https://c-united.co.jp/store/detail/000256/
東京都,カフェ・ベローチェ 新御茶ノ水店,◯,https://c-united.co.jp/store/detail/000258/
東京都,カフェ・ベローチェ 南池袋店,◯,https://c-united.co.jp/store/detail/000261/
東京都,カフェ・ベローチェ 北品川店,◯,https://c-united.co.jp/store/detail/000263/
東京都,カフェ・ベローチェ 有明店,✗,https://c-united.co.jp/store/detail/000265/
東京都,カフェ・ベローチェ 三田店,◯,https://c-united.co.jp/store/detail/000267/
東京都,カフェ・ベローチェ 茅場町駅前店,◯,https://c-united.co.jp/store/detail/000270/
東京都,カフェ・ベローチェ 神楽坂駅前店,◯,https://c-united.co.jp/store/detail/000271/
東京都,カフェ・ベローチェ 荻窪駅西口店,◯,https://c-united.co.jp/store/detail/000272/
東京都,カフェ・ベローチェ 新宿一丁目北店,◯,https://c-united.co.jp/store/detail/000274/
東京都,カフェ・ベローチェ 目黒店,◯,https://c-united.co.jp/store/detail/000275/
東京都,カフェ・ベローチェ 八王子店,◯,https://c-united.co.jp/store/detail/000276/
東京都,カフェ・ベローチェ 新宿五丁目店,◯,https://c-united.co.jp/store/detail/000277/
東京都,カフェ・ベローチェ 東池袋一丁目店,◯,https://c-united.co.jp/store/detail/000278/
東京都,カフェ・ベローチェ 池袋東口店,◯,https://c-united.co.jp/store/detail/000280/
東京都,カフェ・ベローチェ 原町田四丁目店,◯,https://c-united.co.jp/store/detail/000304/
東京都,カフェ・ベローチェ 麹町店,◯,https://c-united.co.jp/store/detail/000313/
東京都,カフェ・ベローチェ 銀座二丁目店,◯,https://c-united.co.jp/store/detail/000315/
東京都,カフェ・ベローチェ 銀座みゆき通り店,◯,https://c-united.co.jp/store/detail/000316/
東京都,カフェ・ベローチェ 室町一丁目店,◯,https://c-united.co.jp/store/detail/000318/
東京都,カフェ・ベローチェ 大森駅北口店,◯,https://c-united.co.jp/store/detail/000319/
東京都,カフェ・ベローチェ 戸越銀座店,◯,https://c-united.co.jp/store/detail/000321/
東京都,カフェ・ベローチェ 池尻大橋店,◯,https://c-united.co.jp/store/detail/000326/
東京都,カフェ・ベローチェ 大鳥居駅前店,◯,https://c-united.co.jp/store/detail/000328/
東京都,カフェ・ベローチェ 渋谷駅新南口店,◯,https://c-united.co.jp/store/detail/000329/
東京都,カフェ・ベローチェ 南池袋二丁目店,◯,https://c-united.co.jp/store/detail/000330/
東京都,カフェ・ベローチェ 一番町店,◯,https://c-united.co.jp/store/detail/000331/
東京都,カフェ・ベローチェ 秋葉原駅前広場店,◯,https://c-united.co.jp/store/detail/000332/
東京都,カフェ・ベローチェ 上野三丁目店,◯,https://c-united.co.jp/store/detail/000334/
東京都,カフェ・ベローチェ 秋葉原駅東口店,◯,https://c-united.co.jp/store/detail/000335/
東京都,カフェ・ベローチェ 西早稲田店,◯,https://c-united.co.jp/store/detail/000338/
東京都,カフェ・ベローチェ 鍛冶町店,◯,https://c-united.co.jp/store/detail/000339/
東京都,カフェ・ベローチェ 神保町店,◯,https://c-united.co.jp/store/detail/000340/
東京都,カフェ・ベローチェ 渋谷二丁目店,◯,https://c-united.co.jp/store/detail/000343/
東京都,カフェ・ベローチェ 南砂二丁目店,◯,https://c-united.co.jp/store/detail/000344/
東京都,カフェ・ベローチェ 池袋西口店,◯,https://c-united.co.jp/store/detail/000345/
東京都,カフェ・ベローチェ 神田美土代町店,◯,https://c-united.co.jp/store/detail/000351/
東京都,カフェ・ベローチェ 神田駅北口店,◯,https://c-united.co.jp/store/detail/000352/
東京都,カフェ・ベローチェ 春日駅前店,◯,https://c-united.co.jp/store/detail/000353/
東京都,カフェ・ベローチェ 岩本町店,◯,https://c-united.co.jp/store/detail/000361/
東京都,カフェ・ベローチェ 仲宿店,◯,https://c-united.co.jp/store/detail/000363/
東京都,カフェ・ベローチェ 飯田橋駅東口店,◯,https://c-united.co.jp/store/detail/000365/
東京都,カフェ・ベローチェ 駒沢店,◯,https://c-united.co.jp/store/detail/000369/
東京都,カフェ・ベローチェ 淡路町駅前店,◯,https://c-united.co.jp/store/detail/000370/
東京都,カフェ・ベローチェ 練馬春日町駅前店,◯,https://c-united.co.jp/store/detail/000373/
東京都,カフェ・ベローチェ 新橋三丁目店,◯,https://c-united.co.jp/store/detail/000374/
東京都,カフェ・ベローチェ 代々木三丁目店,◯,https://c-united.co.jp/store/detail/000376/
東京都,カフェ・ベローチェ 稲荷町店,△,https://c-united.co.jp/store/detail/000380/
東京都,カフェ・ベローチェ 松濤店,◯,https://c-united.co.jp/store/detail/000384/
東京都,カフェ・ベローチェ 立川南駅前店,◯,https://c-united.co.jp/store/detail/000393/
東京都,カフェ・ベローチェ 岩本町駅前店,◯,https://c-united.co.jp/store/detail/000394/
東京都,カフェ・ベローチェ 綾瀬店,◯,https://c-united.co.jp/store/detail/000397/
東京都,カフェ・ベローチェ 池袋サンシャイン前店,◯,https://c-united.co.jp/store/detail/000398/
東京都,カフェ・ベローチェ 東陽七丁目店,◯,https://c-united.co.jp/store/detail/000399/
東京都,カフェ・ベローチェ 四谷三丁目店,◯,https://c-united.co.jp/store/detail/000400/
東京都,カフェ・ベローチェ 新宿三丁目店,◯,https://c-united.co.jp/store/detail/000402/
東京都,カフェ・ベローチェ 両国店,◯,https://c-united.co.jp/store/detail/000404/
東京都,カフェ・ベローチェ 日本橋堀留町店,◯,https://c-united.co.jp/store/detail/000410/
東京都,カフェ・ベローチェ 西五反田七丁目店,◯,https://c-united.co.jp/store/detail/000415/
東京都,カフェ・ベローチェ 新橋四丁目店,◯,https://c-united.co.jp/store/detail/000416/
東京都,カフェ・ベローチェ 日本橋一丁目店,◯,https://c-united.co.jp/store/detail/000418/
東京都,カフェ・ベローチェ 南池袋一丁目店,◯,https://c-united.co.jp/store/detail/000419/
東京都,カフェ・ベローチェ 浅草橋駅西口店,◯,https://c-united.co.jp/store/detail/000420/
東京都,カフェ・ベローチェ 東陽二丁目店,◯,https://c-united.co.jp/store/detail/000421/
東京都,カフェ・ベローチェ 立川柴崎町二丁目店,◯,https://c-united.co.jp/store/detail/000423/
東京都,カフェ・ベローチェ 東京駅八重洲口店,◯,https://c-united.co.jp/store/detail/000433/
神奈川県,カフェ・ベローチェ 神奈川県庁前店,◯,https://c-united.co.jp/store/detail/000233/
神奈川県,カフェ・ベローチェ 鶴見店,◯,https://c-united.co.jp/store/detail/000234/
神奈川県,カフェ・ベローチェ みなとみらい店,◯,https://c-united.co.jp/store/detail/000253/
神奈川県,カフェ・ベローチェ 本厚木駅南口店,◯,https://c-united.co.jp/store/detail/000254/
神奈川県,カフェ・ベローチェ 藤沢店,◯,https://c-united.co.jp/store/detail/000257/
神奈川県,カフェ・ベローチェ 関内駅前店,◯,https://c-united.co.jp/store/detail/000262/
神奈川県,カフェ・ベローチェ 川崎新川通り店,◯,https://c-united.co.jp/store/detail/000264/
神奈川県,カフェ・ベローチェ 新百合ヶ丘店,✗,https://c-united.co.jp/store/detail/000301/
神奈川県,カフェ・ベローチェ 伊勢佐木町店,◯,https://c-united.co.jp/store/detail/000306/
神奈川県,カフェ・ベローチェ 厚木中町店,◯,https://c-united.co.jp/store/detail/000310/
神奈川県,カフェ・ベローチェ 関内みなと大通り店,◯,https://c-united.co.jp/store/detail/000325/
神奈川県,カフェ・ベローチェ 南藤沢店,◯,https://c-united.co.jp/store/detail/000336/
神奈川県,カフェ・ベローチェ 小田原ﾀﾞｲﾔ街店,◯,https://c-united.co.jp/store/detail/000356/
神奈川県,カフェ・ベローチェ 鴨居店,◯,https://c-united.co.jp/store/detail/000385/
神奈川県,カフェ・ベローチェ 横浜駅西口店,◯,https://c-united.co.jp/store/detail/000388/
神奈川県,カフェ・ベローチェ 元町・中華街駅前店,◯,https://c-united.co.jp/store/detail/000435/
愛知県,カフェ・ベローチェ 栄四丁目広小路通店,◯,https://c-united.co.jp/store/detail/000411/
京都府,カフェ・ベローチェ 烏丸蛸薬師店,◯,https://c-united.co.jp/store/detail/000350/
京都府,カフェ・ベローチェ 京都駅前店,◯,https://c-united.co.jp/store/detail/000359/
京都府,カフェ・ベローチェ 伏見桃山店,◯,https://c-united.co.jp/store/detail/000412/
京都府,カフェ・ベローチェ 烏丸仏光寺店,◯,https://c-united.co.jp/store/detail/000413/
大阪府,カフェ・ベローチェ 谷町二丁目店,◯,https://c-united.co.jp/store/detail/000342/
大阪府,カフェ・ベローチェ 淀屋橋店,◯,https://c-united.co.jp/store/detail/000346/
大阪府,カフェ・ベローチェ 備後町三丁目店,◯,https://c-united.co.jp/store/detail/000358/
大阪府,カフェ・ベローチェ 本町二丁目店,◯,https://c-united.co.jp/store/detail/000360/
大阪府,カフェ・ベローチェ 難波西口店,◯,https://c-united.co.jp/store/detail/000403/
大阪府,カフェ・ベローチェ 難波なんさん通り店,◯,https://c-united.co.jp/store/detail/000417/
大阪府,カフェ・ベローチェ 大阪ビジネスパーク駅前店,◯,https://c-united.co.jp/store/detail/000425/
大阪府,カフェ・ベローチェ 西中島南方店,◯,https://c-united.co.jp/store/detail/000430/
兵庫県,カフェ・ベローチェ 尼崎神田中通店,◯,https://c-united.co.jp/store/detail/000349/
兵庫県,カフェ・ベローチェ ＪＲ姫路駅東口店,◯,https://c-united.co.jp/store/detail/000431/
広島県,カフェ・ベローチェ 広島袋町店,◯,https://c-united.co.jp/store/detail/000392/
広島県,カフェ・ベローチェ 広島八丁堀店,◯,https://c-united.co.jp/store/detail/000408/
福岡県,カフェ・ベローチェ 福岡赤坂店,◯,https://c-united.co.jp/store/detail/000266/
福岡県,カフェ・ベローチェ 博多駅筑紫口店,◯,https://c-united.co.jp/store/detail/000362/
福岡県,カフェ・ベローチェ 博多大博通り店,◯,https://c-united.co.jp/store/detail/000375/
福岡県,カフェ・ベローチェ 中洲川端駅前店,◯,https://c-united.co.jp/store/detail/000405/
福岡県,カフェ・ベローチェ 博多呉服町店,◯,https://c-united.co.jp/store/detail/000407/
福岡県,カフェ・ベローチェ 天神一丁目店,◯,https://c-united.co.jp/store/detail/000424/